engine_id,phase,case_id,reading_variant,status,duration_sec,generation_sec,rtf,cer,f0_mean_hz,f0_range_hz,energy_rms_dbfs,pause_ratio,speaking_rate_proxy,pronunciation_result,human_review_required
voicevox,phase1,n01,raw,generated,8.810667,1.248496,0.14170277914260065,0.1111111111111111,309.2052810031055,387.32394366197184,-22.80915966958584,0.12669683257918551,6.476683937823834,not_applicable,False
voicevox,phase1,n02,raw,generated,10.581333,1.497228,0.14149710627196024,0.07017543859649122,313.73455180490316,406.25,-23.639828980133775,0.1584905660377358,5.941704035874439,not_applicable,False
voicevox,phase1,n03,raw,generated,9.674667,1.322654,0.13671312924775603,0.0392156862745098,307.76894708483695,411.7647058823529,-24.228288849559718,0.15702479338842978,5.637254901960784,not_applicable,False
voicevox,phase1,e01,raw,generated,6.784,0.937497,0.13819236438679247,0.11764705882352941,358.46900726681474,353.6585365853658,-29.245825277109468,0.32352941176470584,6.521739130434783,not_applicable,False
voicevox,phase1,e02,raw,generated,5.344,0.772945,0.1446379116766467,0.07142857142857142,314.55762960304344,423.8095238095238,-24.752319539126724,0.14925373134328357,5.482456140350878,not_applicable,False
voicevox,phase1,e03,raw,generated,5.973333,0.83603,0.1399603872745752,0.15625,345.11017481835535,405.88235294117646,-28.424662298237877,0.24,6.359649122807018,not_applicable,False
voicevox,phase1,e04,raw,generated,6.090667,0.856291,0.14059067750707763,0.06060606060606061,308.7987133532158,381.7733990147783,-25.08696892035186,0.24183006535947715,6.25,not_applicable,False
voicevox,phase1,e05,raw,generated,5.173333,0.74424,0.14386083401165167,0.09090909090909091,290.4776842002533,363.6363636363636,-24.191366734003804,0.11538461538461542,6.521739130434783,not_applicable,False
voicevox,phase1,e06,raw,generated,6.474667,0.906801,0.14005368924764777,0.1,316.99985317806687,409.433962264151,-25.298991673394575,0.18518518518518523,6.8181818181818175,not_applicable,False
voicevox,phase1,p01,raw,generated,3.498667,0.51551,0.14734468870572706,0.10526315789473684,299.81928358397255,382.9268292682927,-24.996884893796544,0.18181818181818177,5.902777777777778,不合格,True
voicevox,phase1,p01,engine_native,generated,3.498667,0.516434,0.14760878929032112,0.10526315789473684,299.81928358397255,382.9268292682927,-24.996884893796544,0.18181818181818177,5.902777777777778,不合格,True
voicevox,phase1,p01,external_preprocessed,generated,3.498667,0.51652,0.14763337008066213,0.10526315789473684,299.81928358397255,382.9268292682927,-24.996884893796544,0.18181818181818177,5.902777777777778,不合格,True
voicevox,phase1,p02,raw,generated,3.808,0.585944,0.1538718487394958,0.15,307.2078837088777,387.85046728971963,-24.058473606310994,0.13541666666666663,5.421686746987952,不合格,False
voicevox,phase1,p02,engine_native,generated,3.808,0.701054,0.1841003151260504,0.15,307.2078837088777,387.85046728971963,-24.058473606310994,0.13541666666666663,5.421686746987952,不合格,False
voicevox,phase1,p02,external_preprocessed,generated,3.808,0.700371,0.18392095588235294,0.15,307.2078837088777,387.85046728971963,-24.058473606310994,0.13541666666666663,5.421686746987952,不合格,False
voicevox,phase1,p03,raw,generated,4.416,0.784995,0.17776154891304347,0.09090909090909091,311.5269009471234,384.05797101449275,-23.588210475463505,0.1351351351351351,5.208333333333334,不合格,False
voicevox,phase1,p03,engine_native,generated,4.416,0.783453,0.17741236413043476,0.09090909090909091,311.5269009471234,384.05797101449275,-23.588210475463505,0.1351351351351351,5.208333333333334,不合格,False
voicevox,phase1,p03,external_preprocessed,generated,4.405333,0.788465,0.17897965942642702,0.09090909090909091,315.22273498600947,426.8292682926829,-23.65566022160765,0.11711711711711714,5.1020408163265305,不合格,False
voicevox,phase1,p04,raw,generated,4.192,0.753502,0.1797476145038168,0.12,308.0579087107318,386.79245283018867,-23.458139665372588,0.1428571428571429,6.388888888888888,不合格,False
voicevox,phase1,p04,engine_native,generated,4.192,0.768319,0.18328220419847327,0.12,308.0579087107318,386.79245283018867,-23.458139665372588,0.1428571428571429,6.388888888888888,不合格,False
voicevox,phase1,p04,external_preprocessed,generated,4.170667,0.749528,0.17971418001005593,0.12,310.4575927777297,369.19290329197,-23.014553980252273,0.1523809523809524,6.46067415730337,要確認,False
voicevox,phase1,p05,raw,generated,3.882667,0.703714,0.18124500504421315,0.09090909090909091,303.9033255077594,369.19290329197,-23.724167299879497,0.1428571428571429,5.9523809523809526,不合格,False
voicevox,phase1,p05,engine_native,generated,3.882667,0.702977,0.18105518706600385,0.09090909090909091,303.9033255077594,369.19290329197,-23.724167299879497,0.1428571428571429,5.9523809523809526,不合格,False
voicevox,phase1,p05,external_preprocessed,generated,3.882667,0.702959,0.18105055107739088,0.09090909090909091,305.6462889985969,383.12925170068024,-23.84382980105315,0.1428571428571429,5.9523809523809526,不合格,False
voicevox,phase1,p06,raw,generated,3.349333,0.638223,0.19055226816802032,0.0625,307.78839753102955,385.7142857142857,-25.033187983361994,0.16666666666666663,5.0,不合格,False
voicevox,phase1,p06,engine_native,generated,3.349333,0.638313,0.19057913918980288,0.0625,307.78839753102955,385.7142857142857,-25.033187983361994,0.16666666666666663,5.0,不合格,False
voicevox,phase1,p06,external_preprocessed,generated,3.466667,0.651876,0.1880411357652754,0.0625,296.69353996514803,405.1383399209486,-25.501039703389992,0.1954022988505747,5.0,合格,False
voicevox,phase1,p07,raw,generated,2.976,0.585272,0.19666397849462366,0.11764705882352941,307.48133724584994,406.6147859922179,-23.342403784482038,0.06666666666666665,5.714285714285714,不合格,False
voicevox,phase1,p07,engine_native,generated,2.976,0.586109,0.19694522849462365,0.11764705882352941,307.48133724584994,406.6147859922179,-23.342403784482038,0.06666666666666665,5.714285714285714,不合格,False
voicevox,phase1,p07,external_preprocessed,generated,2.976,0.58493,0.19654905913978493,0.23529411764705882,294.61608836443406,406.6147859922179,-23.457689398166394,0.06666666666666665,5.714285714285714,不合格,False
voicevox,phase1,p08,raw,generated,2.890667,0.56642,0.19594785563331923,0.23529411764705882,286.712166403799,425.9259259259259,-24.670652834628072,0.17808219178082196,6.25,不合格,False
voicevox,phase1,p08,engine_native,generated,2.890667,0.568219,0.19657020334753192,0.23529411764705882,286.712166403799,425.9259259259259,-24.670652834628072,0.17808219178082196,6.25,不合格,False
voicevox,phase1,p08,external_preprocessed,generated,2.869333,0.564857,0.1968600368099485,0.29411764705882354,296.7601300477296,297.42388758782204,-24.240634174484214,0.20833333333333337,6.578947368421053,合格,False
voicevox,phase1,p09,raw,generated,3.029333,0.607096,0.20040583191085298,0.058823529411764705,320.29276411803204,407.33590733590734,-22.596169805451932,0.052631578947368474,5.555555555555555,合格,False
voicevox,phase1,p09,engine_native,generated,3.029333,0.606874,0.200332548452085,0.058823529411764705,320.29276411803204,407.33590733590734,-22.596169805451932,0.052631578947368474,5.555555555555555,合格,False
voicevox,phase1,p09,external_preprocessed,generated,3.029333,0.603019,0.19905999109374903,0.058823529411764705,310.3329607067234,407.33590733590734,-22.574046390549576,0.07894736842105265,5.714285714285714,合格,False
voicevox,phase1,p10,raw,generated,2.954667,0.5997,0.20296703486382728,0.23529411764705882,319.97776009157445,363.6363636363636,-23.10290144379815,0.06756756756756754,5.797101449275363,不合格,False
voicevox,phase1,p10,engine_native,generated,2.954667,0.599398,0.2028648236840226,0.23529411764705882,319.97776009157445,363.6363636363636,-23.10290144379815,0.06756756756756754,5.797101449275363,不合格,False
voicevox,phase1,p10,external_preprocessed,generated,3.04,0.607652,0.19988552631578946,0.23529411764705882,300.56230364231016,406.25,-23.776661720928693,0.09210526315789469,5.797101449275363,合格,False
voicevox,phase1,p11,raw,generated,2.4,0.517627,0.21567791666666666,0.25,307.87150035690456,379.3969849246231,-24.522603706247242,0.050000000000000044,6.578947368421053,不合格,False
voicevox,phase1,p11,engine_native,generated,2.4,0.518442,0.2160175,0.25,307.87150035690456,379.3969849246231,-24.522603706247242,0.050000000000000044,6.578947368421053,不合格,False
voicevox,phase1,p11,external_preprocessed,generated,2.4,0.51924,0.21635000000000001,0.25,307.87150035690456,379.3969849246231,-24.522603706247242,0.050000000000000044,6.578947368421053,不合格,False
voicevox,phase1,p12,raw,generated,3.36,0.666989,0.19850863095238097,0.21052631578947367,326.5315941218447,385.16746411483257,-23.00508449195,0.04761904761904767,5.625,不合格,False
voicevox,phase1,p12,engine_native,generated,3.36,0.655637,0.19513005952380955,0.21052631578947367,326.5315941218447,385.16746411483257,-23.00508449195,0.04761904761904767,5.625,不合格,False
voicevox,phase1,p12,external_preprocessed,generated,3.338667,0.653524,0.19574399004153453,0.15789473684210525,329.5816569831362,350.0,-21.91614272692781,0.04761904761904767,5.625,不合格,False
voicevox,phase1,p13,raw,generated,2.869333,0.581573,0.20268578098115483,0.11764705882352941,309.6959489244994,403.6144578313253,-24.68224873197801,0.08333333333333337,6.0606060606060606,要確認,False
voicevox,phase1,p13,engine_native,generated,2.869333,0.58302,0.20319007936687725,0.11764705882352941,309.6959489244994,403.6144578313253,-24.68224873197801,0.08333333333333337,6.0606060606060606,要確認,False
voicevox,phase1,p13,external_preprocessed,generated,2.805333,0.573843,0.20455432563620787,0.23529411764705882,294.2021909402846,406.25,-23.708558706991617,0.08450704225352113,6.153846153846153,不合格,False
voicevox,phase1,m01,raw,generated,4.405333,0.807825,0.18337433288244046,0.041666666666666664,293.09018774281134,402.0408163265306,-23.890077962090412,0.06306306306306309,5.528846153846153,not_applicable,False
voicevox,phase1,m02,raw,generated,6.336,1.12697,0.1778677398989899,0.15151515151515152,308.1743088181406,378.78787878787875,-24.052333663168834,0.11949685534591192,5.178571428571429,not_applicable,False
voicevox,phase1,m03,raw,generated,6.229333,1.110179,0.17821795688238212,0.03125,325.700617576645,411.7647058823529,-23.576027288729634,0.07692307692307687,5.208333333333334,not_applicable,False
voicevox,phase1,m04,raw,generated,6.485333,1.174696,0.1811311770729429,0.40540540540540543,303.2404829442547,395.1965065502184,-23.002722919232212,0.12269938650306744,6.118881118881119,not_applicable,False
voicevox,phase1,q01,raw,generated,9.226667,1.645556,0.17834782592674037,0.075,335.0877573602296,414.5907473309609,-25.952106249268716,0.20779220779220775,4.508196721311475,not_applicable,False
voicevox,phase1,q02,raw,generated,4.032,0.747909,0.18549330357142857,0.2857142857142857,320.00888551101275,381.18811881188117,-24.58130286461111,0.13861386138613863,5.459770114942529,not_applicable,False
voicevox,phase1,q03,raw,generated,4.106667,0.778905,0.18966840992951217,0.12,312.23540318346784,408.04597701149424,-24.880338621904823,0.1456310679611651,6.534090909090909,not_applicable,False
voicevox,phase1,l01,raw,generated,209.344,38.29979,0.1829514578874962,0.10869565217391304,322.1606073124944,429.20353982300884,-24.04828575529013,0.13698891860909435,5.861191056010626,not_applicable,False
voicevox,phase2,x01,raw,generated,8.064,1.404827,0.1742096974206349,0.023255813953488372,294.4560030928945,401.2345679012346,-24.261970534202838,0.07425742574257421,5.347593582887701,not_applicable,True
voicevox,phase2,x02,raw,generated,5.504,0.996524,0.1810545058139535,0.05405405405405406,331.01162965219953,386.79245283018867,-24.850955958111275,0.17391304347826086,7.4561403508771935,not_applicable,False
voicevox,phase2,x03,raw,generated,8.224,1.41975,0.17263497081712062,0.11627906976744186,314.7854942389119,406.25,-24.68306705095939,0.15533980582524276,5.459770114942529,not_applicable,False
voicevox,phase2,x04,raw,generated,6.88,1.185095,0.17225218023255814,0.0975609756097561,326.11305360173225,380.5970149253731,-23.357594034534515,0.16860465116279066,6.643356643356643,not_applicable,False
voicevox,phase2,x05,raw,generated,6.272,1.088599,0.17356489158163266,0.13513513513513514,303.467402208286,413.3574007220217,-23.79278837835898,0.10828025477707004,6.25,not_applicable,False
voicevox,phase2,x06_neutral,raw,generated,4.469333,0.79443,0.1777513557392121,0.13043478260869565,332.7665511525645,350.93167701863354,-25.718763990595654,0.1964285714285714,5.555555555555555,not_applicable,False
voicevox,phase2,x06_cheerful,raw,generated,5.194667,0.932717,0.17955279905333682,0.043478260869565216,351.98573850179486,395.1943462897526,-28.618386277078372,0.3307692307692308,5.747126436781609,not_applicable,False
voicevox,phase2,x06_sad,raw,generated,4.938667,0.893307,0.18088018487579746,0.13043478260869565,335.85955292746235,378.78787878787875,-25.791857591281826,0.2016129032258065,5.05050505050505,not_applicable,False
voicevox,phase2,x06_angry,raw,generated,5.365333,1.033818,0.19268477837256326,0.043478260869565216,348.0433960862319,400.0,-28.561272708127532,0.31851851851851853,5.434782608695652,not_applicable,False
voicevox,phase2,x06_calm,raw,generated,4.938667,0.890952,0.18040333555593038,0.13043478260869565,331.8769705494274,390.4109589041096,-25.74570186707707,0.20967741935483875,5.1020408163265305,not_applicable,False
voicevox,phase2,x06_tired,raw,generated,5.237333,0.938833,0.17925783982038188,0.13043478260869565,328.3056698120248,412.4087591240876,-26.599691672023212,0.2290076335877863,4.9504950495049505,not_applicable,False
voicevox,phase2,x07,raw,generated,6.826667,1.168415,0.17115453265847008,0.41025641025641024,372.21439271810056,395.6521739130435,-27.75601163074137,0.19883040935672514,4.014598540145985,not_applicable,False
voicevox,phase2,x08,raw,generated,6.592,1.138696,0.1727390776699029,0.125,326.0044158368908,408.74524714828897,-24.40034016652046,0.21818181818181814,5.426356589147287,not_applicable,False
qwen3_tts,phase1,n01,raw,generated,10.8,6.758853,0.6258197222222222,0.09259259259259259,243.33557495130137,403.1533190893686,-20.54604549780699,0.3037037037037037,6.6489361702127665,not_applicable,False
qwen3_tts,phase1,n02,raw,generated,11.92,7.070786,0.593186744966443,0.05263157894736842,357.08543776394566,371.65775401069516,-23.922452689829157,0.28859060402684567,6.25,not_applicable,False
qwen3_tts,phase1,n03,raw,generated,10.24,6.018086,0.5877037109375001,0.058823529411764705,377.4445069529002,396.55172413793105,-24.622620355503603,0.3203125,6.609195402298851,not_applicable,False
qwen3_tts,phase1,e01,raw,generated,7.84,4.611599,0.5882141581632653,0.058823529411764705,336.1986038456914,405.1383399209486,-21.032346585685453,0.3979591836734694,6.3559322033898304,not_applicable,False
qwen3_tts,phase1,e02,raw,generated,5.92,3.473021,0.5866589527027027,0.0,299.70149705110333,354.9644576931896,-17.160964443934326,0.2432432432432432,5.580357142857142,not_applicable,False
qwen3_tts,phase1,e03,raw,generated,5.28,3.106531,0.5883581439393939,0.09375,176.8986798670745,430.4347826086956,-22.662694786223767,0.34090909090909094,8.333333333333334,not_applicable,False
qwen3_tts,phase1,e04,raw,generated,5.6,3.29165,0.5877946428571429,0.09090909090909091,232.46587823727774,399.15966386554624,-21.81460162668589,0.4285714285714286,9.0625,not_applicable,False
qwen3_tts,phase1,e05,raw,generated,8.08,4.737338,0.5863042079207921,0.0,283.7944378948437,309.61298377028714,-20.744653466714862,0.43069306930693074,6.521739130434783,not_applicable,False
qwen3_tts,phase1,e06,raw,generated,8.56,5.020591,0.5865176401869158,0.05,374.3475678849781,381.18811881188117,-17.960645842883057,0.4018691588785047,7.03125,not_applicable,False
qwen3_tts,phase1,p01,raw,generated,3.36,1.986537,0.59123125,0.15789473684210525,271.6348996136351,302.22222222222223,-18.412299424475172,0.2142857142857143,6.4393939393939394,不合格,True
qwen3_tts,phase1,p01,engine_native,generated,5.36,3.157318,0.5890518656716418,0.10526315789473684,352.272216433568,390.4109589041096,-20.79007769766404,0.4626865671641791,5.902777777777778,不合格,True
qwen3_tts,phase1,p01,external_preprocessed,generated,4.48,2.639797,0.5892404017857142,0.15789473684210525,330.8145529416326,384.05797101449275,-21.786814562719545,0.2232142857142857,4.885057471264368,不合格,True
qwen3_tts,phase1,p02,raw,generated,4.0,2.361526,0.5903815,0.15,327.5755155803078,384.05797101449275,-20.554752029212764,0.17000000000000004,5.421686746987952,不合格,True
qwen3_tts,phase1,p02,engine_native,generated,3.76,2.222298,0.5910367021276596,0.15,302.45069847116457,319.5488721804511,-17.667845454724798,0.2021276595744681,6.0,要確認,True
qwen3_tts,phase1,p02,external_preprocessed,generated,3.68,2.182296,0.5930152173913044,0.15,412.43391298186725,323.52941176470586,-20.840705346334527,0.13043478260869568,5.625,不合格,True
qwen3_tts,phase1,p03,raw,generated,3.92,2.316838,0.5910301020408164,0.09090909090909091,268.2408623035505,333.33333333333337,-18.4498117267098,0.1428571428571429,5.9523809523809526,要確認,True
qwen3_tts,phase1,p03,engine_native,generated,4.48,2.634205,0.5879921874999999,0.09090909090909091,339.5623047197918,402.0408163265306,-17.662194487410265,0.1696428571428571,5.376344086021505,不合格,True
qwen3_tts,phase1,p03,external_preprocessed,generated,4.48,2.625913,0.5861412946428571,0.09090909090909091,288.82421838882254,385.16746411483257,-15.43286284571245,0.1696428571428571,5.376344086021505,要確認,True
qwen3_tts,phase1,p04,raw,generated,6.16,3.619811,0.5876316558441558,0.04,344.72027032778755,405.1383399209486,-24.44564381777923,0.4025974025974026,6.25,不合格,True
qwen3_tts,phase1,p04,engine_native,generated,3.76,2.201804,0.585586170212766,0.12,301.1167349547359,360.5970149253731,-16.898582383412613,0.13829787234042556,7.098765432098765,要確認,True
qwen3_tts,phase1,p04,external_preprocessed,generated,4.72,2.785731,0.5901972457627119,0.04,304.12619749506104,394.93425828829555,-16.03220224859626,0.18644067796610164,5.989583333333334,不合格,True
qwen3_tts,phase1,p05,raw,generated,3.92,2.304334,0.587840306122449,0.09090909090909091,284.73942638820614,427.71084337349396,-16.162701345536192,0.173469387755102,6.172839506172839,不合格,False
qwen3_tts,phase1,p05,engine_native,generated,3.92,2.305641,0.588173724489796,0.13636363636363635,305.3348189605598,410.1123595505618,-18.06596135803909,0.19387755102040816,6.329113924050633,不合格,False
qwen3_tts,phase1,p05,external_preprocessed,generated,3.6,2.128489,0.5912469444444445,0.13636363636363635,242.10200665454826,378.1725888324873,-16.41885672592189,0.1444444444444445,6.4935064935064934,要確認,False
qwen3_tts,phase1,p06,raw,generated,2.8,1.661511,0.5933967857142858,0.0625,323.51359989410616,405.1383399209486,-16.6965492518079,0.17142857142857137,6.03448275862069,不合格,False
qwen3_tts,phase1,p06,engine_native,generated,3.52,2.084156,0.5920897727272728,0.0,349.92606763918207,394.93425828829555,-26.081800517550167,0.25,5.303030303030303,不合格,False
qwen3_tts,phase1,p06,external_preprocessed,generated,3.52,2.063617,0.5862548295454545,0.1875,375.000245733369,370.5882352941176,-20.924292087642197,0.20454545454545459,5.0,合格,False
qwen3_tts,phase1,p07,raw,generated,4.24,2.498436,0.5892537735849056,0.11764705882352941,261.83308038668014,417.5257731958763,-23.66607709186601,0.18867924528301883,4.651162790697675,不合格,False
qwen3_tts,phase1,p07,engine_native,generated,2.88,1.710911,0.5940663194444445,0.23529411764705882,280.1977267955044,405.1383399209486,-18.421216881485925,0.11111111111111116,6.25,要確認,False
qwen3_tts,phase1,p07,external_preprocessed,generated,3.6,2.114401,0.587333611111111,0.11764705882352941,241.51506726967924,428.8272921108742,-18.893786680951777,0.2222222222222222,5.714285714285714,要確認,False
qwen3_tts,phase1,p08,raw,generated,2.48,1.481309,0.5973020161290322,0.23529411764705882,247.51448598746904,335.6164383561644,-17.3285651167708,0.16129032258064513,7.211538461538462,不合格,False
qwen3_tts,phase1,p08,engine_native,generated,3.04,1.809141,0.5951121710526316,0.17647058823529413,327.1510197717069,381.7733990147783,-17.64543618147836,0.17105263157894735,5.9523809523809526,不合格,False
qwen3_tts,phase1,p08,external_preprocessed,generated,2.96,1.754295,0.5926672297297297,0.29411764705882354,313.33855444357704,342.10526315789474,-18.47383070864074,0.31081081081081086,7.352941176470588,不合格,False
qwen3_tts,phase1,p09,raw,generated,3.92,2.302538,0.587382142857143,0.058823529411764705,297.6793846495228,385.16746411483257,-21.006072039615404,0.22448979591836737,5.2631578947368425,不合格,False
qwen3_tts,phase1,p09,engine_native,generated,3.52,2.066449,0.5870593749999999,0.11764705882352941,226.52640643673755,335.757017947538,-21.90898174213045,0.2272727272727273,5.88235294117647,不合格,False
qwen3_tts,phase1,p09,external_preprocessed,generated,6.24,3.658478,0.5862945512820513,0.11764705882352941,290.40775074755436,374.96338248217944,-21.038105787879715,0.46794871794871795,4.819277108433735,合格,False
qwen3_tts,phase1,p10,raw,generated,3.2,1.899446,0.593576875,0.11764705882352941,299.7137554139355,298.5809628717683,-20.467558098725867,0.13749999999999996,5.797101449275363,不合格,False
qwen3_tts,phase1,p10,engine_native,generated,4.32,2.553659,0.5911247685185185,0.23529411764705882,286.0966569695488,352.76073619631904,-17.056373502973475,0.25,4.938271604938271,不合格,False
qwen3_tts,phase1,p10,external_preprocessed,generated,5.6,3.279902,0.5856967857142857,0.4117647058823529,327.77938124416346,400.4149377593361,-23.99965602627491,0.4,4.761904761904762,合格,False
qwen3_tts,phase1,p11,raw,generated,2.0,1.205987,0.6029935,0.25,246.50414754897704,394.93425828829555,-18.404950433541757,0.020000000000000018,7.653061224489796,要確認,False
qwen3_tts,phase1,p11,engine_native,generated,4.08,2.412619,0.5913281862745098,0.3125,322.58331279062674,391.0304862685815,-19.326918021114103,0.4019607843137255,6.147540983606557,不合格,False
qwen3_tts,phase1,p11,external_preprocessed,generated,2.96,1.74824,0.5906216216216217,0.3125,263.41220441664944,376.051842537963,-17.565044349721056,0.22972972972972971,6.578947368421053,合格,False
qwen3_tts,phase1,p12,raw,generated,4.56,2.693253,0.5906256578947369,0.15789473684210525,318.8116859693307,383.6012281018602,-24.051685865860115,0.16666666666666663,4.736842105263158,不合格,False
qwen3_tts,phase1,p12,engine_native,generated,3.28,1.948975,0.5941996951219513,0.47368421052631576,298.7102285314396,363.6363636363636,-19.23929582372962,0.08536585365853655,6.0,不合格,False
qwen3_tts,phase1,p12,external_preprocessed,generated,3.84,2.27924,0.5935520833333334,0.10526315789473684,378.0576019762219,394.7368421052632,-22.773338641046983,0.0625,5.0,不合格,False
qwen3_tts,phase1,p13,raw,generated,3.68,2.165612,0.5884815217391304,0.17647058823529413,357.6062196954424,417.2413793103448,-18.20702401018245,0.17391304347826086,5.2631578947368425,要確認,False
qwen3_tts,phase1,p13,engine_native,generated,3.44,2.03748,0.5922906976744186,0.11764705882352941,337.6309890995993,396.9957081545064,-19.779431212980523,0.2093023255813954,5.88235294117647,要確認,False
qwen3_tts,phase1,p13,external_preprocessed,generated,4.72,2.765121,0.5858307203389831,0.23529411764705882,226.28870548911627,420.7920792079208,-19.957865368605837,0.43220338983050843,5.970149253731343,不合格,False
qwen3_tts,phase1,m01,raw,generated,4.48,2.626181,0.5862011160714284,0.041666666666666664,262.32786886919234,405.1383399209486,-15.808561123044502,0.125,5.86734693877551,not_applicable,False
qwen3_tts,phase1,m02,raw,generated,8.0,4.695531,0.586941375,0.30303030303030304,184.1505763171138,443.9252336448598,-21.511790154187164,0.21499999999999997,4.617834394904459,not_applicable,False
qwen3_tts,phase1,m03,raw,generated,5.44,3.19641,0.5875753676470589,0.0,308.96008586249815,366.67680145941017,-20.647246132055088,0.22058823529411764,7.0754716981132075,not_applicable,False
qwen3_tts,phase1,m04,raw,generated,6.4,3.765155,0.58830546875,0.2702702702702703,213.53846158269863,406.25,-19.804156199520243,0.28125,7.608695652173914,not_applicable,False
qwen3_tts,phase1,q01,raw,generated,12.32,7.240198,0.5876784090909091,0.2,222.0806517979609,401.2345679012346,-24.86701417953736,0.3571428571428571,4.166666666666667,not_applicable,False
qwen3_tts,phase1,q02,raw,generated,4.56,2.67642,0.5869342105263158,0.25,353.47539323933586,373.015873015873,-18.269847380935662,0.35964912280701755,6.506849315068493,not_applicable,False
qwen3_tts,phase1,q03,raw,generated,4.32,2.530777,0.5858280092592593,0.16,301.4268848306041,397.8723404255319,-29.09256016811605,0.34259259259259256,8.098591549295776,not_applicable,False
qwen3_tts,phase1,l01,raw,generated,163.76,96.870307,0.5915382694186615,0.5156521739130435,182.70133453895144,446.5478841870824,-40.9311443036853,0.4081582804103566,10.926537350392076,not_applicable,False
qwen3_tts,phase2,x01,raw,generated,9.04,5.3166,0.5881194690265488,0.046511627906976744,217.3237053770309,397.8723404255319,-23.620996661685115,0.28761061946902655,6.211180124223602,not_applicable,True
qwen3_tts,phase2,x02,raw,generated,8.48,4.976615,0.5868649764150943,0.05405405405405406,294.19942130019297,392.8571428571429,-22.24948652866283,0.2735849056603774,5.51948051948052,not_applicable,False
qwen3_tts,phase2,x03,raw,generated,10.16,5.957182,0.5863368110236221,0.0,255.50998564449552,402.0408163265306,-19.220765054495953,0.4251968503937008,6.506849315068493,not_applicable,False
qwen3_tts,phase2,x04,raw,generated,7.68,4.509897,0.5872261718749999,0.17073170731707318,219.7243215947047,415.1943462897526,-21.60189593755236,0.35416666666666663,7.661290322580645,not_applicable,False
qwen3_tts,phase2,x05,raw,generated,6.24,3.657318,0.5861086538461538,0.13513513513513514,242.1986115497283,387.6682587928789,-27.62400111193111,0.17948717948717952,6.8359375,not_applicable,False
qwen3_tts,phase2,x06_neutral,raw,generated,4.24,2.486437,0.586423820754717,0.17391304347826086,229.9801807568784,416.08391608391605,-23.690772129903333,0.339622641509434,7.142857142857143,not_applicable,False
qwen3_tts,phase2,x06_cheerful,raw,generated,5.52,3.243197,0.5875356884057972,0.21739130434782608,211.21787489440476,413.66906474820144,-20.682650085154663,0.46376811594202894,6.756756756756757,not_applicable,False
qwen3_tts,phase2,x06_sad,raw,generated,6.48,3.812699,0.5883794753086419,0.0,248.790327775415,405.1383399209486,-19.140422770678875,0.49382716049382713,6.097560975609756,not_applicable,False
qwen3_tts,phase2,x06_angry,raw,generated,4.32,2.536171,0.5870766203703703,0.17391304347826086,223.424757277863,412.4087591240876,-23.739707377094348,0.37037037037037035,7.352941176470588,not_applicable,False
qwen3_tts,phase2,x06_calm,raw,generated,5.84,3.431753,0.5876289383561644,0.13043478260869565,176.1800171624765,394.93425828829555,-23.26043823852966,0.4931506849315068,6.756756756756757,not_applicable,False
qwen3_tts,phase2,x06_tired,raw,generated,6.48,3.786389,0.5843192901234567,0.391304347826087,265.7192350892695,406.25,-26.164810853782342,0.4444444444444444,5.555555555555555,not_applicable,False
qwen3_tts,phase2,x07,raw,generated,8.96,5.243998,0.5852676339285714,0.3333333333333333,234.66209506381196,423.0769230769231,-24.179882423021315,0.4642857142857143,4.583333333333334,not_applicable,False
qwen3_tts,phase2,x08,raw,generated,7.92,4.651618,0.5873255050505051,0.0,210.66509536598303,406.750935668385,-18.21747963803108,0.41414141414141414,6.03448275862069,not_applicable,False
irodori_tts,phase1,n01,raw,generated,8.92,0.612447,0.06865997757847533,0.018518518518518517,309.7978314804535,400.4149377593361,-16.837460050911666,0.23318385650224216,7.309941520467836,not_applicable,False
irodori_tts,phase1,n02,raw,generated,10.48,0.537175,0.051257156488549616,0.07017543859649122,288.42747854043165,382.3529411764706,-16.51479269217776,0.3702290076335878,8.030303030303031,not_applicable,False
irodori_tts,phase1,n03,raw,generated,10.28,0.53686,0.05222373540856032,0.0392156862745098,202.97236071621543,413.51351351351354,-17.580502141517158,0.3735408560311284,7.142857142857142,not_applicable,False
irodori_tts,phase1,e01,raw,generated,5.8,0.533696,0.09201655172413792,0.11764705882352941,210.28630327770543,401.6414773295966,-16.727373417379553,0.4,8.620689655172415,not_applicable,False
irodori_tts,phase1,e02,raw,generated,5.76,0.534759,0.09284010416666667,0.10714285714285714,313.26315836727645,399.37106918238993,-17.353096892252914,0.29166666666666663,6.127450980392156,not_applicable,False
irodori_tts,phase1,e03,raw,generated,5.16,0.5341,0.10350775193798449,0.125,180.4655351191133,410.44776119402985,-16.299361694503354,0.3178294573643411,8.238636363636363,not_applicable,False
irodori_tts,phase1,e04,raw,generated,6.48,0.535394,0.08262253086419753,0.12121212121212122,233.60283721307596,389.1454965357968,-17.280415247120956,0.43827160493827155,7.967032967032967,not_applicable,False
irodori_tts,phase1,e05,raw,generated,5.84,0.534645,0.09154880136986303,0.09090909090909091,271.80682706002244,410.2803738317757,-16.468945574903362,0.32191780821917804,7.575757575757576,not_applicable,False
irodori_tts,phase1,e06,raw,generated,7.4,0.535617,0.07238067567567567,0.1,335.6476670928962,351.39318885448915,-17.24063271471057,0.34594594594594597,7.43801652892562,not_applicable,False
irodori_tts,phase1,p01,raw,generated,3.24,0.532195,0.1642577160493827,0.15789473684210525,348.94864239723444,350.93167701863354,-16.260472734059185,0.18518518518518523,6.4393939393939394,不合格,True
irodori_tts,phase1,p01,engine_native,generated,3.72,0.532976,0.1432731182795699,0.15789473684210525,284.4418363679815,363.7772397094431,-16.384267811049238,0.21505376344086025,5.821917808219178,不合格,True
irodori_tts,phase1,p01,external_preprocessed,generated,3.64,0.533668,0.1466120879120879,0.15789473684210525,321.68867552558135,400.0,-16.70851926672953,0.2637362637362637,6.343283582089552,不合格,True
irodori_tts,phase1,p02,raw,generated,3.76,0.533437,0.1418715425531915,0.15,190.4233088732766,385.17898262507845,-16.076079737988742,0.276595744680851,6.617647058823529,要確認,True
irodori_tts,phase1,p02,engine_native,generated,3.56,0.532823,0.14966938202247193,0.15,303.50548040569083,386.25,-16.000783927027232,0.202247191011236,6.338028169014085,要確認,True
irodori_tts,phase1,p02,external_preprocessed,generated,3.8,0.533349,0.140355,0.15,250.51553825046653,400.0,-16.546894864015997,0.19999999999999996,5.921052631578947,不合格,True
irodori_tts,phase1,p03,raw,generated,4.12,0.532732,0.12930388349514563,0.09090909090909091,208.6607282688769,407.6923076923077,-16.207733899519145,0.19417475728155342,6.024096385542169,不合格,True
irodori_tts,phase1,p03,engine_native,generated,4.12,0.534037,0.12962063106796115,0.09090909090909091,165.09073928289558,401.46014681696016,-16.31690168541262,0.16504854368932043,5.813953488372093,要確認,True
irodori_tts,phase1,p03,external_preprocessed,generated,3.76,0.532597,0.14164813829787234,0.045454545454545456,192.694832358659,405.51181102362204,-16.507246391643925,0.21276595744680848,6.756756756756757,不合格,True
irodori_tts,phase1,p04,raw,generated,4.12,0.533706,0.12954029126213593,0.12,176.6390508206805,380.62111801242236,-16.693254872945186,0.2621359223300971,7.565789473684211,不合格,True
irodori_tts,phase1,p04,engine_native,generated,4.12,0.532618,0.129276213592233,0.12,322.0759021049821,389.7959183673469,-16.628698371678897,0.18446601941747576,6.845238095238096,不合格,True
irodori_tts,phase1,p04,external_preprocessed,generated,4.0,0.533493,0.13337325,0.12,340.4363201208747,315.88287488908605,-16.169013213290548,0.18999999999999995,7.098765432098765,不合格,True
irodori_tts,phase1,p05,raw,generated,3.44,0.533063,0.15496017441860463,0.09090909090909091,209.78084859462209,400.0,-15.613892960355285,0.12790697674418605,6.666666666666667,不合格,False
irodori_tts,phase1,p05,engine_native,generated,3.68,0.533587,0.14499646739130434,0.13636363636363635,308.3345285217528,339.7959183673469,-17.04307567328023,0.2282608695652174,7.042253521126761,要確認,False
irodori_tts,phase1,p05,external_preprocessed,generated,3.36,0.533015,0.15863541666666667,0.09090909090909091,203.41328092856534,420.9225700164745,-15.55448458760239,0.13095238095238093,6.8493150684931505,不合格,False
irodori_tts,phase1,p06,raw,generated,4.0,0.534792,0.133698,0.0625,336.1550631707182,388.63109048723896,-16.873288980250468,0.31999999999999995,5.147058823529411,合格,False
irodori_tts,phase1,p06,engine_native,generated,3.32,0.532794,0.16048012048192772,0.0625,357.81770567462746,363.8917579012601,-16.851863040924535,0.22891566265060237,5.46875,合格,False
irodori_tts,phase1,p06,external_preprocessed,generated,3.52,0.534601,0.15187528409090909,0.125,344.3184063912552,356.8484848484849,-16.776012994394712,0.23863636363636365,5.223880597014925,合格,False
irodori_tts,phase1,p07,raw,generated,3.04,0.532132,0.1750434210526316,0.29411764705882354,320.89746375039596,304.8780487804878,-15.924890372255122,0.19736842105263153,6.557377049180328,要確認,False
irodori_tts,phase1,p07,engine_native,generated,3.12,0.533263,0.1709176282051282,0.23529411764705882,296.77081767362716,398.9473684210526,-15.849448630060476,0.20512820512820518,6.451612903225807,要確認,False
irodori_tts,phase1,p07,external_preprocessed,generated,3.68,0.532575,0.14472146739130434,0.29411764705882354,320.48921301471086,373.015873015873,-16.297274455158927,0.28260869565217395,6.0606060606060606,不合格,False
irodori_tts,phase1,p08,raw,generated,3.36,0.533544,0.15879285714285715,0.29411764705882354,336.32276488243855,374.8453608247423,-16.204586171032936,0.22619047619047616,5.769230769230769,合格,False
irodori_tts,phase1,p08,engine_native,generated,3.52,0.533027,0.151428125,0.29411764705882354,320.39283556185086,404.950495049505,-17.286485827588514,0.2727272727272727,5.859375,合格,False
irodori_tts,phase1,p08,external_preprocessed,generated,3.04,0.533294,0.17542565789473685,0.29411764705882354,204.31699254553328,391.4778912446219,-16.705948667809924,0.3157894736842105,7.211538461538462,合格,False
irodori_tts,phase1,p09,raw,generated,3.68,0.533125,0.14487092391304346,0.17647058823529413,357.6720790094189,350.93167701863354,-15.581274786581996,0.21739130434782605,5.555555555555555,不合格,False
irodori_tts,phase1,p09,engine_native,generated,3.04,0.532694,0.1752282894736842,0.11764705882352941,204.43354161136028,410.5882352941176,-16.174182595223584,0.17105263157894735,6.349206349206349,合格,False
irodori_tts,phase1,p09,external_preprocessed,generated,3.04,0.532829,0.17527269736842105,0.17647058823529413,195.34814294741778,401.9469304443398,-15.557879325177089,0.11842105263157898,5.970149253731343,不合格,False
irodori_tts,phase1,p10,raw,generated,3.12,0.533314,0.17093397435897434,0.23529411764705882,201.519234257319,395.1288586802606,-15.238893057475842,0.1282051282051282,5.88235294117647,不合格,False
irodori_tts,phase1,p10,engine_native,generated,3.28,0.5325,0.16234756097560976,0.17647058823529413,190.73896416121994,401.43737166324433,-15.52940519620634,0.23170731707317072,6.349206349206349,不合格,False
irodori_tts,phase1,p10,external_preprocessed,generated,3.72,0.532904,0.14325376344086022,0.29411764705882354,228.83477165217678,363.3204235204029,-15.654582466249646,0.24731182795698925,5.714285714285714,合格,False
irodori_tts,phase1,p11,raw,generated,2.88,0.531964,0.18470972222222223,0.25,343.31264640138386,371.65775401069516,-17.50920557307662,0.2777777777777778,7.211538461538462,不合格,False
irodori_tts,phase1,p11,engine_native,generated,3.52,0.533758,0.15163579545454545,0.1875,337.0277399145987,360.05830903790087,-17.291447449758056,0.4204545454545454,7.352941176470588,不合格,False
irodori_tts,phase1,p11,external_preprocessed,generated,2.8,0.532395,0.19014107142857142,0.25,347.08914452027597,393.8053097345133,-17.046576349719466,0.24285714285714288,7.0754716981132075,要確認,False
irodori_tts,phase1,p12,raw,generated,3.6,0.534038,0.1483438888888889,0.21052631578947367,317.1370420352401,340.9880904894866,-16.22422741266917,0.16666666666666663,6.0,不合格,False
irodori_tts,phase1,p12,engine_native,generated,3.04,0.53297,0.17531907894736845,0.21052631578947367,207.31821488878765,409.7389778460189,-16.551301326720377,0.07894736842105265,6.428571428571429,不合格,False
irodori_tts,phase1,p12,external_preprocessed,generated,3.52,0.533824,0.15165454545454543,0.21052631578947367,336.4335027360953,381.18811881188117,-16.61493416653775,0.20454545454545459,6.428571428571429,不合格,False
irodori_tts,phase1,p13,raw,generated,3.12,0.532812,0.1707730769230769,0.11764705882352941,289.5886765324377,447.93926247288505,-16.411096000149723,0.07692307692307687,5.555555555555555,要確認,False
irodori_tts,phase1,p13,engine_native,generated,3.4,0.533356,0.1568694117647059,0.35294117647058826,306.4990315001829,384.24628248372846,-15.921408268448365,0.22352941176470587,6.0606060606060606,不合格,False
irodori_tts,phase1,p13,external_preprocessed,generated,3.32,0.533002,0.16054277108433734,0.23529411764705882,213.9913559452912,423.68839427662954,-16.694249876352696,0.2168674698795181,6.153846153846153,要確認,False
irodori_tts,phase1,m01,raw,generated,5.52,0.53441,0.09681340579710146,0.041666666666666664,268.5483369844606,432.29901269393514,-16.125469779319495,0.26086956521739135,5.637254901960784,not_applicable,False
irodori_tts,phase1,m02,raw,generated,6.4,0.535003,0.08359421874999999,0.15151515151515152,204.64168134816126,414.8936170212766,-17.27205260561925,0.25625,6.0924369747899165,not_applicable,False
irodori_tts,phase1,m03,raw,generated,5.64,0.535605,0.0949654255319149,0.0625,186.4779685304465,415.34391534391534,-15.478831631436163,0.26241134751773054,7.211538461538462,not_applicable,False
irodori_tts,phase1,m04,raw,generated,4.44,0.533689,0.12020022522522521,0.6216216216216216,191.48178772076312,418.36734693877554,-16.186347272049453,0.16216216216216217,9.408602150537634,not_applicable,False
irodori_tts,phase1,q01,raw,generated,9.36,0.537922,0.05747029914529915,0.15,300.7971754056515,405.0,-17.690053850811303,0.35470085470085466,5.4635761589403975,not_applicable,False
irodori_tts,phase1,q02,raw,generated,5.36,0.533746,0.0995794776119403,0.2857142857142857,335.2604352126822,404.950495049505,-17.361046685876,0.4402985074626866,6.333333333333333,not_applicable,False
irodori_tts,phase1,q03,raw,generated,4.64,0.534139,0.11511616379310347,0.16,286.8223829865831,366.2952646239554,-16.46195209721045,0.3879310344827587,8.098591549295776,not_applicable,False
irodori_tts,phase1,l01,raw,generated,30.0,0.54937,0.018312333333333333,0.9130434782608695,349.09357588224594,437.2549019607843,-26.919357378954196,0.05733333333333335,37.44695898161245,not_applicable,False
irodori_tts,phase2,x01,raw,generated,7.24,0.536186,0.07405883977900553,0.046511627906976744,192.7764180182973,428.35820895522386,-16.746794105076773,0.2099447513812155,6.993006993006993,not_applicable,True
irodori_tts,phase2,x02,raw,generated,7.56,0.535853,0.07088002645502646,0.02702702702702703,339.9171553918099,287.6106194690266,-16.634006418350992,0.40740740740740744,7.5892857142857135,not_applicable,False
irodori_tts,phase2,x03,raw,generated,11.52,0.539,0.04678819444444445,0.046511627906976744,257.8777556546585,384.61538461538464,-16.509368830111825,0.4930555555555556,6.506849315068493,not_applicable,False
irodori_tts,phase2,x04,raw,generated,7.24,0.537203,0.07419930939226518,0.17073170731707318,317.02230390836434,424.76489028213166,-16.817041883013793,0.2320441988950276,6.83453237410072,not_applicable,False
irodori_tts,phase2,x05,raw,generated,8.8,0.542281,0.061622840909090905,0.13513513513513514,331.0944993541527,402.4390243902439,-16.672317452640016,0.3363636363636363,5.993150684931507,not_applicable,False
irodori_tts,phase2,x06_neutral,raw,generated,3.84,0.533629,0.13896588541666668,0.13043478260869565,295.01346794651164,390.54593082097995,-17.396530964199954,0.30208333333333337,7.462686567164178,not_applicable,False
irodori_tts,phase2,x06_cheerful,raw,generated,4.64,0.534653,0.11522693965517243,0.13043478260869565,336.67863935618203,373.015873015873,-17.200714629024294,0.31896551724137934,6.329113924050633,not_applicable,False
irodori_tts,phase2,x06_sad,raw,generated,5.2,0.534555,0.10279903846153846,0.17391304347826086,289.5645092904445,392.6174496644295,-17.439172155146494,0.46153846153846156,7.142857142857143,not_applicable,False
irodori_tts,phase2,x06_angry,raw,generated,4.72,0.535288,0.11340847457627119,0.13043478260869565,271.80543274413503,374.01574803149606,-18.31978924206675,0.4576271186440678,7.8125,not_applicable,False
irodori_tts,phase2,x06_calm,raw,generated,6.64,0.535478,0.08064427710843373,0.13043478260869565,298.17708528062315,390.0038185752471,-17.39153388373568,0.5180722891566265,6.25,not_applicable,False
irodori_tts,phase2,x06_tired,raw,generated,5.0,0.535073,0.1070146,0.13043478260869565,294.34787967827646,425.0,-16.980465670897253,0.352,6.172839506172839,not_applicable,False
irodori_tts,phase2,x07,raw,generated,8.88,0.537243,0.060500337837837835,0.3076923076923077,272.2300963638795,423.444976076555,-18.064405356014696,0.509009009009009,5.045871559633027,not_applicable,False
irodori_tts,phase2,x08,raw,generated,8.08,0.537111,0.06647413366336634,0.125,185.07766973101803,385.2207549686541,-18.302145431535543,0.49504950495049505,6.862745098039215,not_applicable,False
style_bert_vits2,phase1,n01,raw,generated,8.707483,1.582038,0.1816871764205569,0.037037037037037035,374.0403679017082,362.0196443934614,-16.080728249460332,0.16055045871559637,6.830601092896175,not_applicable,False
style_bert_vits2,phase1,n02,raw,generated,10.30966,0.130733,0.012680631563019537,0.07017543859649122,342.59780172380425,414.83499377334994,-17.14373878507264,0.19767441860465118,6.40096618357488,not_applicable,False
style_bert_vits2,phase1,n03,raw,generated,9.624671,0.122293,0.012706200554803381,0.0392156862745098,368.65979435416904,377.60695187165777,-19.267151481286255,0.2157676348547718,6.084656084656085,not_applicable,False
style_bert_vits2,phase1,e01,raw,generated,5.55,1.275744,0.22986378378378378,0.17647058823529413,350.94609611796625,350.10896637608965,-17.71197364007509,0.29496402877697847,7.653061224489796,not_applicable,False
style_bert_vits2,phase1,e02,raw,generated,5.21288,0.057884,0.011104034621936433,0.10714285714285714,283.6734552960118,384.1602363154087,-16.993286425423978,0.26717557251908397,6.510416666666667,not_applicable,False
style_bert_vits2,phase1,e03,raw,generated,5.11,1.005469,0.19676497064579254,0.15625,309.5977943244693,356.5461997019374,-20.74001728987526,0.25,7.552083333333334,not_applicable,False
style_bert_vits2,phase1,e04,raw,generated,5.700499,0.058438,0.010251383256097405,0.06060606060606061,338.7453387762441,391.4348710990502,-17.33815101695273,0.2517482517482518,6.775700934579439,not_applicable,False
style_bert_vits2,phase1,e05,raw,generated,5.25932,0.056301,0.010704996083143828,0.09090909090909091,353.6543759922978,376.91101152368753,-16.135363525034627,0.1515151515151515,6.696428571428571,not_applicable,False
style_bert_vits2,phase1,e06,raw,generated,5.921088,0.057793,0.009760537252613033,0.0,356.24794339376564,396.88104448742746,-16.266088052301882,0.20805369127516782,7.627118644067797,not_applicable,False
style_bert_vits2,phase1,p01,raw,generated,3.320454,0.05591,0.016838058891946703,0.15789473684210525,329.5105184088703,385.69133745835313,-14.766157957836912,0.1785714285714286,6.159420289855073,要確認,True
style_bert_vits2,phase1,p01,engine_native,generated,3.123084,0.051527,0.01649875571710527,0.15789473684210525,327.21161603520534,381.94717444717446,-14.089292942070475,0.11392405063291144,6.071428571428572,要確認,True
style_bert_vits2,phase1,p01,external_preprocessed,generated,3.123084,0.041072,0.01315110320439668,0.15789473684210525,353.28801529761137,365.8602900167317,-15.759442794200144,0.16455696202531644,6.4393939393939394,要確認,True
style_bert_vits2,phase1,p02,raw,generated,3.529433,0.056054,0.01588187111074215,0.15,382.39973809031915,383.2219251336898,-17.06752128045039,0.1460674157303371,5.921052631578947,不合格,True
style_bert_vits2,phase1,p02,engine_native,generated,3.390113,0.053639,0.015822186458091515,0.2,381.7898419672308,379.3131592164741,-16.417000429900096,0.11764705882352944,6.0,不合格,True
style_bert_vits2,phase1,p02,external_preprocessed,generated,3.436553,0.054142,0.015754740287724358,0.15,382.10183115802835,415.0035511363636,-15.397788911803946,0.10465116279069764,5.844155844155844,不合格,True
style_bert_vits2,phase1,p03,raw,generated,3.982222,0.056721,0.014243555482341266,0.09090909090909091,365.43052074932535,361.1363636363636,-17.923822298892667,0.09999999999999998,5.555555555555555,要確認,False
style_bert_vits2,phase1,p03,engine_native,generated,4.202812,0.053578,0.01274813148910777,0.09090909090909091,350.5967832420444,382.90580063368265,-17.11038402203426,0.10377358490566035,5.2631578947368425,要確認,False
style_bert_vits2,phase1,p03,external_preprocessed,generated,4.109932,0.052861,0.01286176997575629,0.13636363636363635,353.47553021563374,394.87130339539976,-15.96346645489274,0.11650485436893199,5.4945054945054945,要確認,False
style_bert_vits2,phase1,p04,raw,generated,3.738413,0.055754,0.014913815033277489,0.08,368.4530932272494,381.2994071146245,-16.41003644635053,0.0957446808510638,6.764705882352941,不合格,False
style_bert_vits2,phase1,p04,engine_native,generated,3.668753,0.051952,0.01416066985158172,0.12,368.94281189224273,367.5,-16.43681513233847,0.09782608695652173,6.927710843373494,要確認,False
style_bert_vits2,phase1,p04,external_preprocessed,generated,3.796463,0.056504,0.01488332692824874,0.08,383.69505865950435,327.51431639226917,-14.88235907641017,0.09473684210526312,6.686046511627907,不合格,False
style_bert_vits2,phase1,p05,raw,generated,4.051882,0.055562,0.013712640200282239,0.13636363636363635,361.8629027846551,372.188995215311,-14.645076948323897,0.1470588235294118,5.747126436781609,要確認,False
style_bert_vits2,phase1,p05,engine_native,generated,3.993832,0.051873,0.012988277924559671,0.13636363636363635,347.8236528921295,379.6487603305785,-16.067270511837943,0.15000000000000002,5.882352941176471,要確認,False
style_bert_vits2,phase1,p05,external_preprocessed,generated,3.854512,0.052359,0.013583820727500653,0.13636363636363635,357.3468292789958,375.495337995338,-15.350684014076567,0.12371134020618557,5.882352941176471,要確認,False
style_bert_vits2,phase1,p06,raw,generated,2.948934,0.055024,0.018658945910623975,0.0625,371.4675200403008,402.6988636363636,-16.47022867365466,0.10810810810810811,5.303030303030303,不合格,False
style_bert_vits2,phase1,p06,engine_native,generated,3.053424,0.051497,0.01686532888979716,0.0625,382.5404345506017,391.5625,-15.668561789734154,0.11688311688311692,5.147058823529411,不合格,False
style_bert_vits2,phase1,p06,external_preprocessed,generated,2.890884,0.051533,0.017826035219676753,0.0625,376.4833838426247,326.1363636363636,-16.572031232944486,0.06849315068493156,5.147058823529411,合格,False
style_bert_vits2,phase1,p07,raw,generated,3.053424,0.044332,0.014518782848369568,0.23529411764705882,368.4102703002586,397.0681179775281,-14.506026793121741,0.11688311688311692,5.88235294117647,要確認,False
style_bert_vits2,phase1,p07,engine_native,generated,3.088254,0.051335,0.016622661218928234,0.23529411764705882,365.3368836922447,324.73636363636365,-14.915314481050729,0.11538461538461542,5.797101449275363,要確認,False
style_bert_vits2,phase1,p07,external_preprocessed,generated,2.937324,0.051038,0.01737567935985271,0.11764705882352941,365.0416972179619,369.77163461538464,-15.253908073816753,0.08108108108108103,5.88235294117647,要確認,False
style_bert_vits2,phase1,p08,raw,generated,2.890884,0.042902,0.01484044326925605,0.23529411764705882,367.8243377306744,345.85467349551857,-15.142668786775456,0.12328767123287676,5.859375,不合格,False
style_bert_vits2,phase1,p08,engine_native,generated,2.856054,0.050942,0.017836497489193134,0.23529411764705882,347.66430176437814,329.3478260869565,-14.57717129987017,0.13888888888888884,6.048387096774194,不合格,False
style_bert_vits2,phase1,p08,external_preprocessed,generated,2.763175,0.051858,0.01876754096284166,0.29411764705882354,356.34814706419104,403.8671875,-17.76801401686843,0.18571428571428572,6.578947368421053,不合格,False
style_bert_vits2,phase1,p09,raw,generated,2.542585,0.051024,0.020067765679416816,0.23529411764705882,364.2832541620058,354.50903377847607,-17.2729559703534,0.03125,6.451612903225807,不合格,False
style_bert_vits2,phase1,p09,engine_native,generated,2.635465,0.051598,0.01957832868203524,0.058823529411764705,358.1627689538442,373.0736301369863,-17.074317031705547,0.0757575757575758,6.557377049180328,不合格,False
style_bert_vits2,phase1,p09,external_preprocessed,generated,2.681905,0.051573,0.0192299876393832,0.23529411764705882,368.5196724334913,385.99276050320435,-15.97432370406276,0.02941176470588236,6.0606060606060606,合格,False
style_bert_vits2,phase1,p10,raw,generated,2.751565,0.055243,0.020076938033446422,0.23529411764705882,357.3455998025843,351.1336032388664,-16.784339416772863,0.02898550724637683,5.970149253731343,不合格,False
style_bert_vits2,phase1,p10,engine_native,generated,2.681905,0.039305,0.014655627250033092,0.29411764705882354,372.0374459574392,325.9822910902048,-17.39971916567054,0.014705882352941124,5.970149253731343,合格,False
style_bert_vits2,phase1,p10,external_preprocessed,generated,2.960544,0.054832,0.018520920479479445,0.29411764705882354,364.08997894328564,365.44405594405595,-15.916406556942967,0.06666666666666665,5.714285714285714,合格,False
style_bert_vits2,phase1,p11,raw,generated,2.298776,0.053659,0.02334242222817708,0.25,367.483652017652,394.09752868490733,-15.68401332588445,0.051724137931034475,6.8181818181818175,要確認,False
style_bert_vits2,phase1,p11,engine_native,generated,2.298776,0.037473,0.016301283813646913,0.3125,369.3672674256413,367.5,-15.602521292114302,0.051724137931034475,6.8181818181818175,不合格,False
style_bert_vits2,phase1,p11,external_preprocessed,generated,2.263946,0.050483,0.022298676735222487,0.3125,361.9494640925927,341.35375494071144,-15.253688227307196,0.03508771929824561,6.8181818181818175,要確認,False
style_bert_vits2,phase1,p12,raw,generated,3.053424,0.045636,0.014945844402873627,0.21052631578947367,363.8088513867945,412.225073313783,-15.641002251585492,0.07792207792207795,6.338028169014085,不合格,False
style_bert_vits2,phase1,p12,engine_native,generated,3.041814,0.052383,0.017220974063502897,0.15789473684210525,380.59336480695583,324.73636363636365,-14.886355409923905,0.07792207792207795,6.338028169014085,不合格,False
style_bert_vits2,phase1,p12,external_preprocessed,generated,2.925714,0.055102,0.018833693245477855,0.47368421052631576,379.8895058087824,318.90495867768595,-14.144788369288976,0.027027027027026973,6.25,要確認,False
style_bert_vits2,phase1,p13,raw,generated,2.739955,0.05069,0.018500303837106814,0.11764705882352941,357.2699051239418,375.1363636363636,-15.496762298414243,0.05797101449275366,6.153846153846153,要確認,False
style_bert_vits2,phase1,p13,engine_native,generated,2.774785,0.05094,0.01835817910216467,0.29411764705882354,356.16375989749207,394.09752868490733,-16.535724695183596,0.09999999999999998,6.349206349206349,要確認,False
style_bert_vits2,phase1,p13,external_preprocessed,generated,2.612245,0.051304,0.019639811732819853,0.23529411764705882,342.1525101304742,354.6247357293869,-16.0116350790678,0.030303030303030276,6.25,不合格,False
style_bert_vits2,phase1,m01,raw,generated,4.388571,0.053463,0.012182325408430216,0.041666666666666664,355.88436241055405,391.5625,-17.85270770904502,0.07272727272727275,5.637254901960784,not_applicable,False
style_bert_vits2,phase1,m02,raw,generated,6.164898,0.057934,0.009397397978036294,0.15151515151515152,364.9100782831515,442.41465924222246,-18.192349307084797,0.14193548387096777,5.451127819548872,not_applicable,False
style_bert_vits2,phase1,m03,raw,generated,5.654059,0.055737,0.009857873785894346,0.125,392.9057140639949,382.90580063368265,-15.57246633453401,0.18309859154929575,6.4655172413793105,not_applicable,False
style_bert_vits2,phase1,m04,raw,generated,6.640907,0.059794,0.009003890583018252,0.3783783783783784,402.1858571629669,402.6988636363636,-15.313453856185099,0.10179640718562877,5.833333333333333,not_applicable,False
style_bert_vits2,phase1,q01,raw,generated,8.800363,0.066811,0.00759184592726459,0.3,346.18861046989196,415.0035511363636,-17.305992787672523,0.32579185520361986,5.5369127516778525,not_applicable,False
style_bert_vits2,phase1,q02,raw,generated,4.191202,0.055959,0.013351539725358026,0.39285714285714285,384.64047867983226,394.6146245059289,-18.753756266870163,0.2761904761904762,6.25,not_applicable,False
style_bert_vits2,phase1,q03,raw,generated,4.365351,0.052352,0.011992620982825894,0.12,377.1233526570562,353.64472484037697,-18.127286843730563,0.2272727272727273,6.764705882352941,not_applicable,False
style_bert_vits2,phase1,l01,raw,generated,212.462948,3.409861,0.01604920308269468,0.24869565217391304,365.9736484113786,422.24548707106845,-19.034448167725614,0.18298192771084343,6.100230414746544,not_applicable,False
style_bert_vits2,phase2,x01,raw,generated,7.592925,0.073669,0.00970232156909228,0.06976744186046512,344.2296685087088,407.7041602465331,-16.930022159963777,0.11578947368421055,5.9523809523809526,not_applicable,True
style_bert_vits2,phase2,x02,raw,generated,5.979138,0.055289,0.009246985100527868,0.0,325.67938402967604,369.10043549265106,-17.069846773856096,0.24,7.4561403508771935,not_applicable,False
style_bert_vits2,phase2,x03,raw,generated,8.324989,1.541257,0.1851362206004116,0.13953488372093023,350.0296623676525,385.38833214030063,-18.281286834247968,0.3588516746411483,7.08955223880597,not_applicable,False
style_bert_vits2,phase2,x04,raw,generated,6.164898,0.054916,0.008907852165599495,0.17073170731707318,367.97220449879853,383.2219251336898,-15.525118690406252,0.19354838709677424,7.6,not_applicable,False
style_bert_vits2,phase2,x05,raw,generated,5.909478,0.053728,0.009091835184089018,0.02702702702702703,314.5613209559,389.77272727272725,-15.999106821448123,0.11486486486486491,6.679389312977099,not_applicable,False
style_bert_vits2,phase2,x06_neutral,raw,generated,3.726803,0.053173,0.014267724910600318,0.13043478260869565,374.1568897745209,348.5412079270211,-15.69310425599543,0.22340425531914898,6.8493150684931505,not_applicable,False
style_bert_vits2,phase2,x06_cheerful,raw,generated,3.95,0.759824,0.19236050632911392,0.13043478260869565,370.3109490917257,381.2994071146245,-17.370614868688197,0.2828282828282829,7.042253521126761,not_applicable,False
style_bert_vits2,phase2,x06_sad,raw,generated,3.877732,0.054075,0.013945007029882415,0.13043478260869565,375.01202320806465,379.3131592164741,-15.621244362153172,0.23711340206185572,6.756756756756757,not_applicable,False
style_bert_vits2,phase2,x06_angry,raw,generated,3.95,0.7334,0.18567088607594937,0.13043478260869565,369.58940413890184,295.06159728122344,-17.455304416592767,0.29292929292929293,7.142857142857143,not_applicable,False
style_bert_vits2,phase2,x06_calm,raw,generated,4.121542,0.054595,0.013246255891605618,0.13043478260869565,364.9938726653564,279.3291473892928,-16.58783731320599,0.27884615384615385,6.666666666666667,not_applicable,False
style_bert_vits2,phase2,x06_tired,raw,generated,4.516281,0.052812,0.011693692221542458,0.13043478260869565,374.1594832005831,352.14987714987717,-15.639312979041675,0.2566371681415929,5.9523809523809526,not_applicable,False
style_bert_vits2,phase2,x07,raw,generated,7.058866,0.060841,0.008619089808476319,0.48717948717948717,377.1308739556118,364.60385589642556,-18.97235567748848,0.4576271186440678,5.729166666666667,not_applicable,False
style_bert_vits2,phase2,x08,raw,generated,6.176508,0.05748,0.00930622934512511,0.125,377.00942504869215,415.0035511363636,-18.049278221950754,0.3096774193548387,6.5420560747663545,not_applicable,False
indextts_25,phase1,n01,raw,unavailable,,,,,,,,,,not_applicable,False
indextts_25,phase1,n02,raw,unavailable,,,,,,,,,,not_applicable,False
indextts_25,phase1,n03,raw,unavailable,,,,,,,,,,not_applicable,False
indextts_25,phase1,e01,raw,unavailable,,,,,,,,,,not_applicable,False
indextts_25,phase1,e02,raw,unavailable,,,,,,,,,,not_applicable,False
indextts_25,phase1,e03,raw,unavailable,,,,,,,,,,not_applicable,False
indextts_25,phase1,e04,raw,unavailable,,,,,,,,,,not_applicable,False
indextts_25,phase1,e05,raw,unavailable,,,,,,,,,,not_applicable,False
indextts_25,phase1,e06,raw,unavailable,,,,,,,,,,not_applicable,False
indextts_25,phase1,p01,raw,unavailable,,,,,,,,,,対象外,False
indextts_25,phase1,p01,engine_native,unavailable,,,,,,,,,,対象外,False
indextts_25,phase1,p01,external_preprocessed,unavailable,,,,,,,,,,対象外,False
indextts_25,phase1,p02,raw,unavailable,,,,,,,,,,対象外,False
indextts_25,phase1,p02,engine_native,unavailable,,,,,,,,,,対象外,False
indextts_25,phase1,p02,external_preprocessed,unavailable,,,,,,,,,,対象外,False
indextts_25,phase1,p03,raw,unavailable,,,,,,,,,,対象外,False
indextts_25,phase1,p03,engine_native,unavailable,,,,,,,,,,対象外,False
indextts_25,phase1,p03,external_preprocessed,unavailable,,,,,,,,,,対象外,False
indextts_25,phase1,p04,raw,unavailable,,,,,,,,,,対象外,False
indextts_25,phase1,p04,engine_native,unavailable,,,,,,,,,,対象外,False
indextts_25,phase1,p04,external_preprocessed,unavailable,,,,,,,,,,対象外,False
indextts_25,phase1,p05,raw,unavailable,,,,,,,,,,対象外,False
indextts_25,phase1,p05,engine_native,unavailable,,,,,,,,,,対象外,False
indextts_25,phase1,p05,external_preprocessed,unavailable,,,,,,,,,,対象外,False
indextts_25,phase1,p06,raw,unavailable,,,,,,,,,,対象外,False
indextts_25,phase1,p06,engine_native,unavailable,,,,,,,,,,対象外,False
indextts_25,phase1,p06,external_preprocessed,unavailable,,,,,,,,,,対象外,False
indextts_25,phase1,p07,raw,unavailable,,,,,,,,,,対象外,False
indextts_25,phase1,p07,engine_native,unavailable,,,,,,,,,,対象外,False
indextts_25,phase1,p07,external_preprocessed,unavailable,,,,,,,,,,対象外,False
indextts_25,phase1,p08,raw,unavailable,,,,,,,,,,対象外,False
indextts_25,phase1,p08,engine_native,unavailable,,,,,,,,,,対象外,False
indextts_25,phase1,p08,external_preprocessed,unavailable,,,,,,,,,,対象外,False
indextts_25,phase1,p09,raw,unavailable,,,,,,,,,,対象外,False
indextts_25,phase1,p09,engine_native,unavailable,,,,,,,,,,対象外,False
indextts_25,phase1,p09,external_preprocessed,unavailable,,,,,,,,,,対象外,False
indextts_25,phase1,p10,raw,unavailable,,,,,,,,,,対象外,False
indextts_25,phase1,p10,engine_native,unavailable,,,,,,,,,,対象外,False
indextts_25,phase1,p10,external_preprocessed,unavailable,,,,,,,,,,対象外,False
indextts_25,phase1,p11,raw,unavailable,,,,,,,,,,対象外,False
indextts_25,phase1,p11,engine_native,unavailable,,,,,,,,,,対象外,False
indextts_25,phase1,p11,external_preprocessed,unavailable,,,,,,,,,,対象外,False
indextts_25,phase1,p12,raw,unavailable,,,,,,,,,,対象外,False
indextts_25,phase1,p12,engine_native,unavailable,,,,,,,,,,対象外,False
indextts_25,phase1,p12,external_preprocessed,unavailable,,,,,,,,,,対象外,False
indextts_25,phase1,p13,raw,unavailable,,,,,,,,,,対象外,False
indextts_25,phase1,p13,engine_native,unavailable,,,,,,,,,,対象外,False
indextts_25,phase1,p13,external_preprocessed,unavailable,,,,,,,,,,対象外,False
indextts_25,phase1,m01,raw,unavailable,,,,,,,,,,not_applicable,False
indextts_25,phase1,m02,raw,unavailable,,,,,,,,,,not_applicable,False
indextts_25,phase1,m03,raw,unavailable,,,,,,,,,,not_applicable,False
indextts_25,phase1,m04,raw,unavailable,,,,,,,,,,not_applicable,False
indextts_25,phase1,q01,raw,unavailable,,,,,,,,,,not_applicable,False
indextts_25,phase1,q02,raw,unavailable,,,,,,,,,,not_applicable,False
indextts_25,phase1,q03,raw,unavailable,,,,,,,,,,not_applicable,False
indextts_25,phase1,l01,raw,unavailable,,,,,,,,,,not_applicable,False
indextts_25,phase2,x01,raw,unavailable,,,,,,,,,,not_applicable,False
indextts_25,phase2,x02,raw,unavailable,,,,,,,,,,not_applicable,False
indextts_25,phase2,x03,raw,unavailable,,,,,,,,,,not_applicable,False
indextts_25,phase2,x04,raw,unavailable,,,,,,,,,,not_applicable,False
indextts_25,phase2,x05,raw,unavailable,,,,,,,,,,not_applicable,False
indextts_25,phase2,x06_neutral,raw,unavailable,,,,,,,,,,not_applicable,False
indextts_25,phase2,x06_cheerful,raw,unavailable,,,,,,,,,,not_applicable,False
indextts_25,phase2,x06_sad,raw,unavailable,,,,,,,,,,not_applicable,False
indextts_25,phase2,x06_angry,raw,unavailable,,,,,,,,,,not_applicable,False
indextts_25,phase2,x06_calm,raw,unavailable,,,,,,,,,,not_applicable,False
indextts_25,phase2,x06_tired,raw,unavailable,,,,,,,,,,not_applicable,False
indextts_25,phase2,x07,raw,unavailable,,,,,,,,,,not_applicable,False
indextts_25,phase2,x08,raw,unavailable,,,,,,,,,,not_applicable,False
