engine_id,case_id,requested_style,duration_sec,generation_sec,generation_rtf,stt_transcript,cer,expected_reading,pronunciation_result,retry_used,human_review_required,silence_ratio,rms_dbfs,estimated_f0_hz,anomaly_flags,error
aivis,n01,neutral,8.013515,1.734059,0.216392,今日は少し雲が多いものの、ここには晴れ間が広がる見込みです外出するなら、折りたたみなさがあると安心でしょ,0.12963,,対象外,False,False,0.054863,-18.776,112.5,,
aivis,n02,calm,9.894263,2.432578,0.245857,静かな部屋で本を開くと遠くから時計の音だけが聞こえてきました 急ぐ必要はありませんゆっくり読み進めてください,0.070175,,対象外,False,False,0.294949,-20.152,400.0,,
aivis,n03,slow_explanatory,10.835873,2.236714,0.206418,まず設定画面を開きます。次に音声モデルを選択してください。最後に保存ボタンを押せば設定は完了です。,0.039216,,対象外,False,False,0.300738,-17.495,387.5,,
aivis,e01,cheerful,5.505737,1.395171,0.253403,やった! ついに完成したよ! 思っていたより ずっといい出来になったね!,0.088235,,対象外,False,False,0.333333,-17.663,375.0,,
aivis,e02,sad,5.19229,1.308749,0.252056,そうなんだもう会えないと思うとやっぱり少し寂しいね,0.107143,,対象外,False,False,0.342308,-17.668,200.0,,
aivis,e03,angry,5.505714,1.364422,0.247819,それは違うよ、約束したこと、なかったことにはできないでしょう,0.09375,,対象外,False,False,0.351449,-17.903,500.0,,
aivis,e04,energetic,5.069592,1.33722,0.263773,さあ始めよう。準備はできてる?今日は一気に最後までやってみよう,0.090909,,対象外,False,False,0.299213,-17.841,162.5,,
aivis,e05,whisper_or_soft,4.832381,1.685093,0.348709,小さな声で話すね、みんなが眠っているから起こさないようにしよう,0.090909,,対象外,False,False,0.061983,-17.867,125.0,,
aivis,e06,fast_excited,5.112472,1.819568,0.355908,聞いて聞いてすごいことがあったんだ。さっき結果が出て、全部うまくいったんだよ。,0.075,,対象外,False,False,0.289062,-18.17,462.5,,
aivis,p01,neutral,3.032834,0.973718,0.321059,今日は一日中治療を整理していました,0.210526,いちにちじゅう,不合格,True,False,0.078947,-15.706,50.0,,
aivis,p02,neutral,3.485624,1.055804,0.302902,来月1日に新しいサービスを開始します,0.15,ついたち,要確認,True,True,0.08,-16.314,150.0,,
aivis,p03,neutral,3.938413,1.279884,0.324975,生物学の研究者が新しい論文を発表しました,0.090909,せいぶつがく,要確認,False,True,0.076142,-15.593,62.5,,
aivis,p04,neutral,3.950023,1.231691,0.311819,この生物は痛みやすいので、映像庫に入れてください,0.16,なまもの,要確認,False,True,0.085859,-17.83,125.0,,
aivis,p05,neutral,3.729433,1.147335,0.307643,国内の市場規模は前年より大きくなりました,0.090909,しじょう,不合格,True,False,0.058824,-16.18,50.0,,
aivis,p06,neutral,2.893515,0.944095,0.32628,朝、市場で賃鮮な魚を買いました,0.125,いちば,合格,True,False,0.082759,-16.389,150.0,,
aivis,p07,neutral,3.032834,1.013441,0.334156,こういった件には、温センチが数多くあります,0.647059,おおいたけん,要確認,False,True,0.092105,-15.635,137.5,,
aivis,p08,neutral,2.568435,0.833974,0.324701,薄りを飲んだらだいぶよくなりました,0.352941,だいぶ,不合格,True,False,0.100775,-15.829,50.0,,
aivis,p09,neutral,2.963175,0.956466,0.322784,東京都中央区の日本橋へ向かいます,0.058824,にほんばし,不合格,True,False,0.09396,-15.277,50.0,,
aivis,p10,neutral,3.114104,0.965865,0.310158,大阪市何枠の日本橋を歩きました,0.235294,にっぽんばし,合格,True,False,0.108974,-14.891,50.0,,
aivis,p11,neutral,2.521995,0.883528,0.350329,冒険空域で地下鉄を乗り換えます,0.3125,ごきそ,要確認,False,True,0.110236,-17.89,50.0,,
aivis,p12,neutral,3.195374,1.059469,0.331563,原田桃市駅の改札前で待ち合わせましょう,0.263158,あらたまばし,要確認,False,True,0.09375,-15.205,187.5,,
aivis,p13,neutral,3.009615,0.953102,0.316686,サコウ域から名古屋駅までは近いです,0.294118,さこう,要確認,True,True,0.086093,-17.112,175.0,,
aivis,m01,neutral,4.321542,1.371674,0.317404,2026年9月6日の午後2時30分に開始します,0.041667,,対象外,False,False,0.069124,-14.645,50.0,,
aivis,m02,neutral,6.132698,1.665616,0.271596,成功率は98.5%で、前回より3.2ポイント改善しました,0.181818,,対象外,False,False,0.068404,-15.783,50.0,,
aivis,m03,neutral,5.35483,1.512833,0.282517,APIからJSONを受け取り、GPUでDTSモデルを実行します,0.0625,,対象外,False,False,0.08209,-15.526,175.0,,
aivis,m04,neutral,5.0878,1.473727,0.289659,リッド・ハブのウィル・ミート・パイソン312の環境を確認してください,0.567568,,対象外,False,False,0.058824,-15.154,112.5,,
aivis,q01,neutral,7.839365,1.991315,0.254015,結論は3つです。第一に、精度、第二に、自然さ、そして第三に、無業のしやさです。,0.15,,対象外,False,False,0.056122,-17.166,50.0,,
aivis,q02,neutral,4.124172,1.2998,0.315166,本当に、それならもう一度だけ試してみよう,0.321429,,対象外,False,False,0.10628,-15.045,112.5,,
aivis,q03,neutral,3.996463,1.270168,0.317823,注意してください。ここから先は元に戻せません,0.16,,対象外,False,False,0.07,-17.325,125.0,,
aivis,l01,neutral,186.900045,123.192978,0.659138,本性合成システムを自治運用へ導入する際は、モデルの品質だけでなく、入力処理、再電性、監視、障害対応までを一つの流れとして設計する必要があります。まず、現行を保存する形式を決めます。天文、読み、和射、スタイル、生成時刻、モデルの識別詞を記録すると、後から同じ音声を作り直しやすくなります。漢字の読みが文明で変わる日本語では、TTSへ渡す前に、辞書や携帯素解析を使い、必要なら発話用のかな電光を別に用意します。天文を変更せず、ローインプットとエフェクティブインプットを分けて保存することが重要です。次に、音声ファイルの形式を統一します。サンプリング周波数、チャンネル数、ビット進度、モーンの扱いを固定し、個存前に検査します。長い文章では、途中切断、同じ区の反復、極端なモーン、音量の崩れ、速度の急変が起きることがあるため、波形等、区間ごとの特徴量を自動的に確認します。停止りと期間は、リアルタイム性の指標ではなく、バッチ処理の容量計画に使います。例えば1時間分の現行を夜会に処理するなら平均の実時間費と失敗率から必要な並列数を見積もれますただしGPUメモリが足りない状態で並列化すると帰って再指向が増えますまず1つのジョブを安定させPEAK VLAMとPEAK LAMを図ってから同時実コースを増やします評価は生成音声をローカルSTTへ戻すラウンドトリップだけで完了させてはいけませんレスティティは文明を補正して、誤った発音でも正しい感じを出す可能性がありますそのため、ヒラガナマタは、音符を出力する、ミンシキキ、音符バラインメント、レンジンが返す、読み情報などを組み合わせ、根拠の種類を明記します評価機動士が立ちしない場合は、人間の確認が必要です前典市長は避け、機械判定が不安定な代表例立てを、Human Reviewへ回します表現力については、Neutral、Chiaful、Sat、Amry、Karm、Energetic、Whisperを襲うとSlow Explanatory、Fast Excitedという共通意と各エンジンの和者、スタイル、速度、音量、欲用、自然連合指示へ対応を付けます完全に同じ表現にはならないため、どのパラメータへ変換したかを保存します自然差の推定器を使う場合も、 推定MOSを人間のMOSと混動せず、モデル名頭、バージョンを記録します。最後に、ダイセンスをコード、モデル、 生成音声に分けて確認します。公開リポジトリには、モデル本体、 巨大キャッシュ、全量音声を入れず、取得元、固定バージョン、ハッシュ、 利用条件、必要なクレジットだけを残します。これらを守ることで、品質を比較できるだけでなく、バトから結果を再現し、問題が起きた時に原因を追跡できるベンチマークになります,0.169565,,対象外,False,False,0.027391,-18.497,150.0,,
voicevox,n01,neutral,8.810667,1.448499,0.164403,今日は少しくもが多いものの、午後には晴れ間が広がる見込みです。外出するなら、折り畳み重さがあると安心でしょう。,0.111111,,対象外,False,False,0.154195,-22.809,325.0,,
voicevox,n02,calm,10.581333,1.711527,0.16175,静かな部屋で本を開くと遠くから時計の音だけが聞こえてきました 急ぐ必要はありませんゆっくり読み進めてください,0.070175,,対象外,False,False,0.183019,-23.64,362.5,,
voicevox,n03,slow_explanatory,11.456,1.845789,0.16112,まず設定画面を開きます。次に音声モデルを選択してください。最後に保存ボタンを押せば設定は完了です。,0.039216,,対象外,False,False,0.167539,-24.379,325.0,,
voicevox,e01,cheerful,7.093333,1.354903,0.191011,やった。次に完成したよ。思っていたより、ずっといい出来になったね。,0.088235,,対象外,False,False,0.346479,-29.647,437.5,,
voicevox,e02,sad,4.810667,0.787419,0.163682,そうなんだ、もう会えないと思うと、やっぱり少し寂しいね,0.071429,,対象外,False,False,0.20332,-24.905,275.0,,
voicevox,e03,angry,5.973333,0.941194,0.157566,それは違うよ 約束したことなかったことにはできないでしょ,0.15625,,対象外,False,False,0.270903,-28.277,475.0,,
voicevox,e04,energetic,6.272,0.999042,0.159286,さあ、はじめよう。 準備はできてる? 今日は一気に最後までやってみよう,0.121212,,対象外,False,False,0.270701,-29.462,387.5,,
voicevox,e05,whisper_or_soft,5.173333,0.824887,0.15945,小さな声で話すね、みんなが眠っているから起こさないようにしよう,0.090909,,対象外,False,False,0.146718,-26.69,225.0,,
voicevox,e06,fast_excited,6.570667,1.011674,0.153968,聞いて聞いて、すごいことがあったんだ。さっき結果が出て、全部うまくいったんだよ。,0.05,,対象外,False,False,0.328267,-28.755,400.0,,
voicevox,p01,neutral,3.498667,0.668159,0.190975,今日は一日中資料を整理していました,0.105263,いちにちじゅう,不合格,True,False,0.171429,-24.997,50.0,,
voicevox,p02,neutral,3.808,0.710621,0.186613,来月1日に新しいサービスを開始します,0.15,ついたち,不合格,True,False,0.146597,-24.058,337.5,,
voicevox,p03,neutral,4.405333,0.79265,0.17993,生物学の研究者が新しい論文を発表しました,0.090909,せいぶつがく,不合格,True,False,0.149321,-23.656,237.5,,
voicevox,p04,neutral,4.170667,0.776826,0.186259,この生物は痛みやすいので冷蔵庫に入れてください,0.12,なまもの,要確認,True,True,0.181818,-23.015,250.0,,
voicevox,p05,neutral,3.882667,0.709187,0.182655,国内の市場規模は前年より大きくなりました,0.090909,しじょう,不合格,True,False,0.14359,-23.844,250.0,,
voicevox,p06,neutral,3.466667,0.656198,0.189288,朝、市場で新鮮な魚を買いました,0.0625,いちば,合格,True,False,0.189655,-25.501,275.0,,
voicevox,p07,neutral,2.976,0.587878,0.19754,多いた県には温泉地が数多くあります,0.235294,おおいたけん,不合格,True,False,0.060403,-23.458,350.0,,
voicevox,p08,neutral,2.869333,0.574385,0.200181,薬を飲んだらだいぶ良くなりました,0.294118,だいぶ,合格,True,False,0.208333,-24.241,100.0,,
voicevox,p09,neutral,3.029333,0.512616,0.169217,東京都中央区の日本橋へ向かいます,0.058824,にほんばし,合格,False,False,0.111842,-22.596,212.5,,
voicevox,p10,neutral,3.04,0.598501,0.196875,大阪市何枠の日本橋を歩きました,0.235294,にっぽんばし,合格,True,False,0.125,-23.777,237.5,,
voicevox,p11,neutral,2.4,0.515793,0.214914,ご基礎域で地下鉄を乗り換えます。,0.25,ごきそ,不合格,True,False,0.125,-24.523,325.0,,
voicevox,p12,neutral,3.338667,0.642932,0.192571,新たま橋駅の改札前で待ち合わせましょう,0.157895,あらたまばし,不合格,True,False,0.083832,-21.916,337.5,,
voicevox,p13,neutral,2.869333,0.488242,0.170159,衛生駅から名古屋駅までは近いです,0.117647,さこう,要確認,False,True,0.104167,-24.682,337.5,,
voicevox,m01,neutral,4.405333,0.671028,0.152322,2026年9月6日の午後2時30分に開始します,0.041667,,対象外,False,False,0.081448,-23.89,287.5,,
voicevox,m02,neutral,6.336,0.909617,0.143563,成功率は98.5%で、前回より3.2ポイント改善しました。,0.151515,,対象外,False,False,0.135647,-24.052,187.5,,
voicevox,m03,neutral,6.229333,0.884037,0.141915,FPIからJSONを受け取り、GPUでTTSモデルを実行します。,0.03125,,対象外,False,False,0.108974,-23.576,100.0,,
voicevox,m04,neutral,6.485333,0.953699,0.147055,ギットハブのあるADMEとパイソン 3.12の環境を確認してください,0.405405,,対象外,False,False,0.150769,-23.003,187.5,,
voicevox,q01,neutral,9.226667,1.395275,0.151222,結論は3つです。第一に、精度、第二に、自然さ、そして第三に、運用のしやすさです。,0.075,,対象外,False,False,0.231602,-25.952,237.5,,
voicevox,q02,neutral,4.032,0.629397,0.1561,本当に?それならもう一度だけ試してみよう,0.285714,,対象外,False,False,0.178218,-24.581,100.0,,
voicevox,q03,neutral,4.106667,0.622217,0.151514,注意してください。ここから先は元に戻せません。,0.12,,対象外,False,False,0.184466,-24.88,350.0,,
voicevox,l01,neutral,209.344,38.325871,0.183076,音声防声システムを実運用へ導入する際は、モデルの品質だけでなく、入力処理、再現性、監視、障害対応までを一つの流れとして設計する必要があります。まず、原稿を保存する形式を決めます。原文、読み、和射、スタイル、生成時刻、モデルの識別紙を記録すると、後から同じ音声を作り直しやすくなります。漢字の読みが文略で変わる日本語では、TTSへ渡す前に自主や携帯素解析を使い、必要なら発話用の金元項を別に用意します。原文を変更せず、ローインプットとエフェクティブインプットを分けて保存することが重要です。次に、音声ファイルの形式を統一します。サンプリング周波数、チャンネル数、リットシンド、無音の扱いを固定し、保存前に検査します。長い文章では途中切断、同じくの反復、極端な無音、音量の崩れ、速度の急変が起きることがあるため、波形得看ごとの特徴量を自動的に確認します。生成時間はリアルタイム製の指標ではなく、バッチ処理の容量計画に使います。例えば1時間分の原稿をやかんに処理するなら、平均の実時間比と失敗率から必要な並列数を見積もれます。ただし、GPUメモリが足りない状態で並列化すると、帰って採指向が増えます。まず一つのジョブを安定させ、ピークVRAMとピークRAMを図ってから同時実行数を増やします。評価は、生成音声をローカルSTTへ戻すラウンド、トリップだけで完了させてはいけません。STTは文略を補正して、誤った発音でも正しい感じを出す可能性があります。そのため、平仮名または音噌を出力する認識器、音噌アラインメント、エンジンが返す読み情報などを組み合わせ、根拠の種類を明記します。評価機動士が位置しない場合は、人間の確認が必要です。全県市長は避け、機械判定が不安定な代表例だけを、Human Reviewへ回します。表現力については、Neutral、Shareful、Sat、Angry、Carm、Energetic、Whisper、OA、Soft、Slow、Explanatory、Fast、Excitedという共通意等各エンジンの和射、スタイル、速度、音量、欲用、自然言語指示へ対応を付けます。完全に同じ表現にはならないため、どのパラメータイ変換したかを保存します。自然差の推定器を使う場合も、推定MOSを人間のMOSと混同せず、モデル名とバージョンを記録します。最後に、ライセンスをコード、モデル、生成音声に分けて確認します。公開リポジトリにはモデル本体、巨大キャッシュ、全量音声を入れず、取得元、固定バージョン、発種、利用条件、必要なクレジットだけを残します。これらを守ることで品質を比較できるだけでなく、後から結果を再現し、問題が起きた時に原因を追跡できるベンチマークになります。,0.108696,,対象外,False,False,0.164024,-24.048,412.5,,
